name,Salary,YearsOfExp,Age
Ginelle,4207,1,1
Jordana,8160,0,0
Corabelle,1158,7,7
Freddy,2656,3,3
Glendon,3398,2,3
Vernice,4463,6,3
Jacquie,2809,0,2
Randal,6060,2,1
Uriel,1069,7,6
Fanni,4496,4,7
Lindy,2701,6,9
Leonie,1164,3,1
Irwin,4742,3,0
Jenine,0195,9,1
Osbourn,4314,8,9
Stormy,4698,1,4
Zoe,2844,5,3
Gabey,8677,5,7
Cher,1661,0,9
Darcee,8864,0,2
Nolana,7112,9,9
Cindy,1748,3,6
Cornela,2397,2,9
Nickola,4133,6,7
Jannel,0356,4,4
Gaylene,5114,5,0
Dara,3847,8,0
Augustus,2128,3,2
Clementius,4322,2,0
Chaddie,8076,0,9
Andee,4141,6,2
Mordecai,0046,6,8
Ursuline,6635,3,8
Kenna,3424,0,4
Wallie,0558,9,0
Harwilll,3714,8,0
Archibald,1000,6,3
Neilla,7019,4,6
Guntar,6965,4,7
Jessika,6267,6,7
Reinold,7586,6,3
Zelig,9684,2,0
Karena,9546,8,6
Byrle,4114,7,7
Lynnet,4722,3,9
Welsh,4541,1,3
Mattie,0874,0,0
Barry,8068,1,9
Jill,8520,6,7
Nikita,2956,1,2
Susann,2581,2,1
Doy,6647,6,8
Vina,6946,6,8
Nevin,6203,1,6
Rosie,6768,8,3
Darb,2624,3,2
Mercy,6020,4,0
Vonnie,3421,9,1
Yanaton,4937,2,2
Arlette,9957,9,8
Ham,6936,3,0
Randie,0658,4,9
Lucius,3814,7,2
Stavro,5016,2,3
Alicea,4171,1,6
Trudie,1970,4,7
Diane,8547,2,0
Marleah,3639,5,0
Cynthie,1844,9,9
Liliane,2116,3,2
Joli,8279,7,0
Cindi,4278,7,0
Jaclyn,0244,2,2
Cicily,9644,7,6
Ibrahim,5132,8,8
Roman,0280,8,5
Melisandra,0660,4,0
Marijo,9080,0,9
Salvador,1535,0,6
Benni,0338,8,0
Reagen,1852,9,4
Tammy,8855,2,6
Greer,3989,1,7
Paton,5098,1,6
Luigi,3969,5,7
Felice,8984,2,4
Lorilyn,2312,8,3
Jarrett,4733,6,0
Lowell,1538,6,6
Tucky,6193,9,6
Essie,9817,0,1
Layla,2447,4,4
Griz,6371,8,5
Sheba,0907,4,9
Thomas,6074,0,3
Linnet,2618,8,1
Ashlie,4724,7,1
Anne-marie,8699,6,6
Hannah,2843,1,5
Leodora,6808,4,5
Brena,4936,4,5
Blaine,1668,2,9
Ravid,8244,6,7
Vere,9307,2,3
Othelia,4486,4,7
Darsey,6211,5,5
Frances,7068,3,0
Desdemona,4038,4,4
Brockie,6391,5,9
Kristal,9978,9,3
Rosamund,5190,4,2
Forrest,0789,6,1
Jori,6896,0,6
Bride,7510,2,7
Perl,5236,5,4
Benjamin,1475,1,2
Myrle,6688,9,4
Romy,4233,5,6
Elene,9866,8,3
Calvin,8300,7,9
Lucita,9973,0,9
Port,9083,0,5
Waly,7613,6,3
Jolynn,1077,9,7
Roselle,9106,7,6
Salem,9424,6,8
Paquito,0043,4,2
Rikki,9659,9,2
Lanna,9574,8,0
Georgie,5631,9,9
Domenico,9583,0,4
Jamima,5452,4,1
Arline,0700,2,4
Ware,7073,3,0
Darleen,5433,4,1
Dannel,4670,6,1
Shepherd,2040,4,8
Starr,5936,7,3
Lotti,2998,8,4
Brooke,9344,0,7
Mariele,5546,9,4
Marleen,0713,7,0
Malvin,5711,7,4
Lonnie,2857,6,8
Omar,1483,0,0
Walt,4856,2,9
Patsy,6231,9,7
Daffy,4904,9,3
Consuelo,6754,3,0
Ashley,0429,0,6
Ola,6222,1,0
Josefina,9134,8,1
Marcile,1993,9,7
Leena,3014,8,5
Giffer,2319,9,5
Lyle,3855,1,5
Roarke,6771,1,9
Yuma,0383,7,5
Annamaria,0063,5,5
Tiffany,9373,9,2
Shellysheldon,6563,5,1
Tilly,2986,6,5
Jedidiah,5829,6,3
Shina,4313,6,2
Cornall,0636,3,2
Corabel,5464,5,2
Davin,9835,0,6
Karina,5852,2,2
Katine,4982,9,7
Janot,0352,7,9
Faith,8887,4,0
Reggy,4214,5,9
Patti,6733,5,5
Dorthea,1584,6,0
Blakeley,2246,8,2
Raimund,9746,2,4
Temp,1250,1,6
Lissi,1064,5,0
Pail,0230,1,5
Kayley,7397,7,4
Susanna,5024,4,7
Idell,2848,7,3
La verne,1909,5,9
Hilliary,0392,6,3
Waneta,7807,5,4
Hilda,2960,6,9
Alessandra,1327,5,6
Kellyann,7827,3,1
Charla,0524,2,0
Benson,2036,7,4
Glynnis,3251,3,7
Amber,9877,4,8
Teddy,6133,9,0
Sophia,1346,1,9
Cord,7048,5,9
Jasun,3128,3,1
Abie,2440,6,8
Hildy,9704,3,8
Reinhard,3409,5,9
Wilhelm,6193,8,6
Karl,6892,4,2
Lethia,7706,3,0
Palmer,9591,3,8
Derward,5630,8,2
Myranda,8062,9,8
Galvan,8846,5,1
Hinda,0104,3,7
Desiree,5848,3,6
Shay,4218,0,7
Gunther,2483,3,0
Antonella,4609,8,1
Cassandry,8513,9,9
Tansy,7950,3,3
Sadye,9616,4,0
Lesli,1014,3,4
Gizela,5654,7,2
Anny,7931,7,4
Damiano,2928,1,1
Alanna,8729,0,7
Alia,8587,8,9
Claudianus,4554,4,4
Westbrooke,9327,2,5
Engracia,0996,8,0
Conroy,8443,6,2
Ardelle,7197,6,4
Biron,1911,3,0
Carolee,6552,6,8
Gillie,1355,7,3
Licha,1223,4,4
Stanislas,4358,2,2
Gardy,2779,7,8
Ivette,2712,9,3
Nelie,5881,4,7
Clarice,9888,5,7
Davis,0556,8,6
Meredith,9255,5,8
Corbie,8266,6,1
Salvatore,2439,2,8
Arlan,6372,0,3
Maximo,3334,7,1
Reba,9772,2,2
Marillin,9539,4,6
Nelly,6096,1,6
Eddi,3696,6,2
Luis,2815,9,3
Rickard,8145,8,6
Lanni,2882,4,1
Ephrem,8880,3,7
Simone,4923,8,0
Gypsy,7078,8,1
Kahaleel,2306,6,4
Yasmeen,1666,0,6
Maynord,5824,2,3
Hadleigh,7807,4,5
Clayborn,6932,7,1
Walsh,7015,1,6
Jim,9483,0,8
Alverta,8451,9,5
Emmy,2664,8,6
Frayda,0939,6,0
Finlay,4901,1,2
Amitie,5878,4,8
Tobey,0083,8,1
Mehetabel,7169,2,1
Bren,5219,7,7
Emyle,5901,3,9
Tamarra,0770,6,9
Luigi,1297,9,5
Fredi,0547,2,2
Thomasin,0450,2,2
Jo,2722,6,0
Annecorinne,6359,9,8
Gregor,7631,4,8
Shannan,9087,6,4
Lorne,8733,1,6
Katee,4047,8,3
Franklin,3313,1,0
Lottie,9294,4,3
Christie,3992,1,6
Delano,0418,5,5
Thaddus,0150,5,2
Grover,3089,6,6
Emmet,1429,3,4
Avictor,9446,7,3
Nichole,7691,5,8
Aube,8244,1,3
Raoul,7383,5,4
Blake,6729,7,4
Shena,7986,2,1
Linn,6664,9,3
Lennie,1405,8,3
Kendra,0374,1,9
Dar,4134,9,5
Wat,0798,2,4
Felike,2111,3,1
Blondie,9534,7,7
Bambie,9425,2,3
Verna,4660,3,3
Allyn,6618,6,3
Jaquith,8269,1,7
Jere,2124,3,4
Kit,2685,0,9
Lyndsay,5906,0,6
Genovera,2844,6,9
Nobie,2638,3,2
Weston,9341,2,3
Edyth,6525,4,2
Skyler,3560,7,4
Siusan,2038,9,8
Collin,5691,9,6
Gael,4800,6,6
Anne-corinne,4783,2,2
Gwenora,5255,3,8
Madge,8502,0,3
Jorry,4015,1,6
Agna,9037,4,9
Deidre,7732,7,6
Horten,1643,6,9
Adena,7547,2,0
Fredi,2012,4,3
Gerti,0544,0,4
Emera,5396,0,7
Hilliard,6998,4,7
Dimitry,7576,4,8
Layne,0335,9,9
Thoma,5620,5,9
Jacquenette,3994,3,7
Janela,5879,0,4
Gayelord,0414,2,1
Jemie,4674,0,7
Wilbur,1135,4,5
Orelle,8184,1,1
Brit,6198,1,5
Bruis,0064,9,7
Norrie,5477,1,2
Vitia,6056,7,5
Myrle,6475,1,7
Kelci,6845,4,2
Dorey,1982,9,4
Wald,9445,5,2
Siegfried,5360,4,5
Rafaello,9521,1,5
Joann,2161,6,1
Barby,5562,9,1
Isadora,3210,6,9
Sharyl,2957,8,4
Gerik,9897,3,7
Tristan,4066,4,8
Stanly,6184,1,7
Theodosia,3539,8,8
Arvy,3297,6,4
Elysia,8003,7,7
Giralda,4502,9,5
Linn,5433,8,4
Britta,7613,9,4
Sheree,0654,1,4
Haley,0740,1,0
Rolland,4598,3,9
Alasteir,4385,0,0
Catharina,7168,2,3
Willabella,2178,5,9
Jaine,7786,1,5
Evangelia,3894,8,7
Bette,2314,6,7
Dulci,7245,8,4
Jacquenetta,2546,1,4
Jackie,7770,2,9
Jennica,0244,1,3
Otto,2423,4,2
Anne-corinne,7618,9,7
Mommy,3863,1,2
Raynor,1408,3,7
Janeczka,8593,7,3
Georgianna,6244,0,1
Herminia,2851,7,2
Solly,0830,6,3
Latia,6990,5,0
Mickie,5962,1,8
Zacherie,0281,0,0
Bert,6689,9,3
Ashlie,0009,9,9
Jacklyn,3746,4,2
Hertha,8048,8,8
Shea,2336,0,6
Tallou,8520,6,9
Claudette,5607,6,5
Bryce,0312,6,1
Nap,7134,7,7
Hilly,3232,3,5
Feodora,6965,9,8
Nobie,7300,3,5
Wallace,5977,9,7
Bette-ann,1827,4,4
Colas,6830,5,3
Cirstoforo,7031,2,6
Melinde,9418,0,5
Vonnie,7607,4,5
Sydney,2264,1,9
Lelah,4780,8,3
Clary,5779,6,0
Frederick,0134,6,6
Doretta,8196,2,3
Franny,7528,8,1
Jerrine,1592,6,9
Gal,1592,7,7
Olin,7823,2,6
Redd,2889,7,5
Melodee,3387,1,5
Johannes,9188,3,3
Ellynn,9459,0,2
Oralia,5972,5,6
Brynne,2152,5,8
Avril,0146,4,0
Bendix,7485,7,3
Thurstan,0888,5,3
Danette,3768,0,1
Rafael,7227,6,4
Lynette,1160,6,9
Reagen,8238,5,1
Lishe,1660,7,2
Cullan,4208,1,2
Paton,9442,5,1
Ariella,8615,4,8
Kitti,3466,1,3
Kamillah,7439,0,3
Martainn,8436,4,4
Karol,5269,2,6
Nissa,8021,2,7
Hussein,9670,9,5
Kaine,4376,0,4
Ronna,3747,3,7
Lesly,3405,0,7
Caryl,8555,0,4
Allis,4181,3,1
Rhianna,9724,8,4
Roberto,8797,4,2
Victoria,1313,8,8
Stacia,0832,9,0
Vi,5289,1,9
Cherin,7367,7,5
Drusie,1538,9,2
William,3142,9,6
Dede,4136,8,9
Tyrone,2928,1,9
Nil,2322,5,6
Sande,5910,2,1
Tova,6560,9,2
Ferrel,6545,0,2
Lyndsay,4067,3,7
Nadiya,5476,8,6
Ludwig,8219,7,4
Franky,6696,2,5
Leonidas,2742,0,9
Aloise,9985,1,3
Glynn,4180,4,9
Melicent,5684,5,7
Ches,0191,3,5
Philbert,3178,7,4
Elsbeth,6175,5,1
Orbadiah,9064,9,8
Cliff,6415,0,4
Tabbi,7578,8,0
Shelia,3684,6,1
Kaiser,2470,7,9
Denny,8910,2,5
Kyrstin,2632,7,7
Lee,9603,0,5
Roxy,6566,0,3
Lib,8624,9,7
Oby,1954,5,3
Lexie,3454,0,6
Hailee,2063,4,6
Nikola,8160,0,1
Jemmie,7447,8,9
Juliette,9038,3,5
Wileen,1788,0,9
Bambi,5635,5,4
Jennine,4958,1,0
Zak,4665,6,0
Mariele,2289,5,2
Merv,4856,0,4
Coral,1536,1,3
Prudence,4904,1,4
Rayshell,7722,5,2
Deirdre,2394,8,0
Nevin,3706,9,2
Tiphanie,0486,8,6
Raviv,8318,9,0
Gabriell,0902,1,8
Errol,0000,1,2
Duff,3905,3,7
Aldin,2823,1,0
Nadean,7341,4,1
Elvis,1779,1,0
Alford,7152,6,6
Sharl,0198,1,9
Melissa,9084,6,6
Davidson,5428,0,4
Doll,2793,8,7
Juanita,1146,2,1
Donna,8084,6,8
Nelia,0506,2,0
Ruben,1393,4,7
Francyne,0535,4,3
Keenan,5076,9,8
Lonnard,6716,4,3
Amalita,6338,2,1
Selby,3382,3,7
Menard,8830,8,9
Parsifal,0544,4,0
Cristal,4498,2,8
Trueman,8035,1,0
Andree,5874,1,6
Louisette,9509,1,3
Paolo,7601,1,8
Ursulina,9801,0,7
Shoshana,9167,6,6
Tatiana,4233,8,5
Jillene,3783,0,2
Xenos,7268,4,6
Carita,1601,0,5
Eada,5964,0,2
Betteann,3695,2,9
Maddalena,0894,7,2
Michell,0157,0,3
Eloisa,4464,2,2
Elliot,9165,1,4
Fred,6889,9,4
Mickie,5013,1,3
Neysa,6090,4,9
Susana,7400,0,2
Shellie,4171,0,0
Morgan,4181,7,3
Georgiana,5326,3,8
Michele,3036,0,1
Evered,1263,0,7
Risa,3865,4,3
Jeannie,2173,0,0
Berte,5229,4,4
Smitty,0212,0,2
Joshua,4466,0,8
Perice,3007,8,5
Peg,6488,0,8
Darda,3024,8,6
Alfreda,5004,8,2
Heath,4066,6,3
Alex,7354,2,3
Trace,7402,6,7
Renato,9559,8,8
Sky,1110,9,8
Dalton,5814,5,1
Janifer,1948,6,2
Gilbertine,4253,4,5
Filia,3635,7,8
Jaclin,5289,0,2
Moishe,1413,2,3
Vicky,8765,0,9
Mil,3743,7,0
Cyrillus,3098,4,6
Harley,3060,0,6
Dagmar,2046,3,8
Lacie,9753,9,6
Carlynne,7203,8,2
Joyce,9017,9,4
Moll,8324,9,1
Tome,9640,2,6
Kristoffer,9773,1,1
Dierdre,6543,0,8
Aldridge,7736,6,2
Dav,1116,1,3
Darleen,7416,2,4
Perla,1686,2,9
Giselle,5524,7,8
Peterus,6321,4,3
Imogen,2694,3,1
Selina,2081,9,9
Kessia,9619,1,0
Seana,3964,1,9
Ephrem,4869,7,1
Kimberli,0570,8,2
Ev,6862,8,7
Ferdy,4599,7,4
Sena,8835,6,8
Joya,6696,2,0
Alyson,7001,1,4
Rupert,4799,1,7
Jacques,3528,6,1
Kay,1780,8,5
Tera,8092,7,7
Estele,6505,6,6
Bette,9280,1,0
Lynnelle,1997,4,2
Dudley,9597,7,0
Karalee,4844,0,8
Khalil,8511,9,9
Codee,3938,7,9
Lester,7687,6,1
Mia,6561,7,0
Zaneta,1264,5,8
Cody,1569,5,1
Josefa,4701,9,5
Ellerey,8499,3,8
Melodie,7670,3,5
Ranique,0423,3,8
Stephenie,4313,9,7
Lynnet,4637,3,7
Milicent,3206,5,7
Rayner,0601,5,9
Esteban,6444,4,7
Kimberly,5106,8,0
Deni,0597,9,4
Hewett,3856,5,0
Merrily,6537,0,1
Pavia,5643,6,1
Danie,3064,0,5
Cliff,5011,1,2
Rabbi,0453,8,2
Vannie,0537,8,9
Costa,1958,9,9
Gasparo,8517,9,9
Mahalia,8763,7,2
Marge,9136,9,6
Robb,7203,3,6
Reece,4029,7,9
Eddy,3987,9,3
Beniamino,3136,4,1
Sibyl,2659,3,3
Britt,0345,8,0
Amory,2587,9,7
Vincenz,4955,2,6
Bryant,9024,6,1
Alisander,7856,9,5
Dede,5181,8,8
Chucho,9231,1,6
York,1798,7,0
Wiley,7823,7,0
Beatrisa,3823,6,2
Kai,3146,9,8
Gan,9878,2,3
Alexa,3916,1,4
Garwin,7240,6,1
Raddie,2203,1,6
Ara,6976,5,9
Roanne,0251,6,6
Jason,1171,2,2
Myrtle,0752,7,9
Quent,3204,4,2
Burke,2856,0,3
Marsh,6819,2,4
Adeline,5439,4,7
Dalli,0448,4,9
Lorena,5092,1,6
Gideon,6963,8,9
Florrie,2644,8,7
Ker,0482,6,0
Marilin,4231,6,7
Etti,7473,7,1
Norina,9069,6,5
Noll,5803,0,5
Sharyl,6294,3,6
Enrique,7385,9,3
Freedman,5638,8,0
Gunilla,7860,2,4
Nels,0771,2,8
Gardner,4159,5,8
Bertine,2129,0,9
Si,4880,2,6
Darrelle,9551,0,0
Alwin,9261,2,7
Elmer,5515,7,5
Creight,8689,2,6
Rebbecca,9525,5,6
Lloyd,5555,3,4
Iormina,3328,2,9
Aleda,1488,6,5
Barnie,7092,2,3
Elfrieda,7491,3,5
Doretta,5187,2,5
Brendan,2688,6,4
Land,8804,4,9
Phineas,0729,6,1
Sena,0013,6,6
Dorine,7111,3,9
Roobbie,2030,9,5
Timothee,0381,1,1
Bernette,0238,9,4
Tammie,6393,5,2
Abe,6906,2,2
Karlyn,7246,0,0
Maryjo,2878,2,1
Pearl,5091,8,9
Amity,1293,9,8
Tracy,5678,1,1
Fanchette,7611,9,6
Andee,8477,0,7
Papageno,8117,2,8
Inez,1285,7,4
Tabby,8628,5,8
Lory,0711,2,8
Corbin,7122,8,8
Evangeline,0826,4,8
Griswold,4471,3,8
Glen,5237,0,5
Rollins,8232,9,0
Toby,5962,5,6
Vinson,3153,0,3
Nomi,9637,7,3
Parke,6595,8,3
Retha,9808,3,4
Rafaelia,0290,0,2
Lyndy,7709,2,3
Maggee,0527,5,8
Fayth,8195,3,2
Baxter,6610,1,4
Cinderella,3325,8,5
My,2494,4,2
Raquela,6867,0,4
Bobine,4539,1,0
Granny,1235,0,0
Montague,9728,1,0
Wilfrid,1169,6,7
Nesta,8829,4,7
Duane,0712,6,3
Ursola,0595,2,9
Ricca,6443,4,2
Stephanus,0597,2,5
Alex,0114,6,7
Foss,0527,8,2
Serene,1648,3,1
Tobye,7061,1,8
Merry,3338,2,7
Eugine,6048,9,0
Dalston,3246,5,4
Jessie,2932,8,0
Frederik,7333,6,9
Atlanta,2433,8,5
Glyn,5479,0,6
Nyssa,8231,7,7
Gwenny,4626,1,9
Elliot,6484,9,4
Ingeborg,8323,3,9
Candis,3299,7,0
Jami,5513,3,2
Antin,7056,3,8
Shanna,0552,6,1
Chandra,9704,7,3
Lorri,7775,0,1
Leshia,7803,6,8
Clyde,0248,8,4
Marsh,4791,1,3
Erich,4913,3,4
Diana,8526,0,9
Merla,6207,8,7
Cecelia,4464,3,7
Masha,6766,8,7
Drona,6628,7,5
Jacquie,3229,7,2
Rhea,9531,6,6
Murdock,3251,1,2
Robinett,4780,5,8
Raul,8739,9,6
Darcie,8229,7,0
Josefina,0503,4,4
Florrie,7587,1,8
Isis,3387,2,9
Maurise,4237,6,2
Ariel,1781,6,1
Melania,1983,9,3
Claudine,0212,0,8
Aubine,2715,6,9
Mauricio,5663,6,9
Jillayne,6893,8,4
Rea,2505,9,5
Enrichetta,2162,3,2
Nichole,7907,6,9
Yettie,0558,6,2
Dionne,3913,8,9
Vinny,1783,5,1
Blancha,2221,0,7
Sammy,7746,5,1
Tulley,1697,6,9
Nadiya,6546,6,5
Goldi,8944,3,6
Natassia,4614,2,8
Urson,2385,2,9
Becky,7720,1,7
Fitzgerald,3447,9,0
Jo,1583,2,7
Jase,6557,5,5
Constance,0583,1,9
Stephenie,8002,9,6
Barbaraanne,1989,8,1
Agnesse,6317,4,5
Lindy,7259,9,4
Eyde,5049,0,2
Prissie,2845,1,2
Nikaniki,9710,7,1
Dorisa,6575,3,1
Caldwell,5124,8,5
Margarette,3271,5,9
Nickey,4432,5,7
Salvidor,0422,7,0
Iolande,0214,9,7
Bobbie,2538,2,6
Doe,0410,2,1
Broddie,0910,7,3
Dukie,2205,8,6
Luigi,7341,4,1
Domingo,2190,3,6
Flossy,5202,0,8
Peter,1344,9,3
Morly,7854,1,5
Hayyim,7891,6,3
Bunny,8973,5,1
Poppy,7582,6,3
Bettina,9315,9,3
Camella,6841,7,9
Noni,1461,3,7
Emery,0856,7,7
Burlie,9412,1,0
Cam,6683,6,2
Lay,9221,0,1
Nikkie,3569,1,2
Louella,4095,8,6
Bailie,7596,2,0
Missy,0848,4,0
Skipton,9690,4,0
Gertie,1903,0,9
Kalle,5201,7,2
Pauletta,4530,7,7
Catharina,1509,5,9
Issi,7638,6,4
Billi,5717,1,3
Selena,9653,3,4
Fiona,6875,2,6
Berry,8116,5,7
Reinald,2634,5,6
Theresina,0979,3,6
Kin,5459,0,2
Gay,7901,0,3
Ortensia,1939,2,1
Whitby,5779,6,5
Casey,8369,7,9
Noell,0943,5,7
Devlin,0492,2,6
Natividad,0126,5,7
Trish,2273,5,4
Natty,8525,6,5
Maris,4525,7,0
Bernadina,4166,3,0
Damon,2193,8,8
Chiquita,2044,0,0
Gina,1423,4,6
Jose,1017,9,1
Eddi,3062,6,5
Helena,6899,7,5
Martynne,2506,9,0
Feliks,6146,6,8
Ladonna,2179,8,0
Valerie,7526,4,5
Dean,5575,4,7
Emiline,9513,1,2
Ethe,3037,3,1
Shirline,8394,4,8
Bartolomeo,9251,6,9
Torre,4895,9,9
Owen,1115,5,9
Marjorie,7396,4,7
Kristian,9173,0,1
Desirae,9778,0,5
Lorilyn,3254,5,0
Bonnie,2982,6,7
Ardella,1526,4,0
Lavinia,3246,9,1
Berkeley,0350,7,5
Selestina,0342,7,6
Doroteya,1279,0,5
Fleur,8780,4,4
Merrick,7876,2,8
Denyse,8975,5,7
Ian,5152,9,4
Linzy,6734,4,3
Siegfried,7717,0,8
Reube,6670,4,5
Ariel,6324,7,0
Jorry,6293,4,7
Lennie,3368,1,4
Dynah,6281,1,6
Halli,1054,7,8
Sofia,3480,2,0
Serena,3288,1,7
Delcina,6615,8,4
Kippar,2887,5,2
Jeana,1859,3,4
Jameson,9155,4,0
Dorothee,8458,9,6
Wiatt,0220,3,2
Romy,1504,0,2
Gillan,4470,6,1
Adela,7598,5,4
Thorn,2873,5,4
Kayla,0265,3,9
Cassandre,3155,1,4
Kora,3323,4,7
Haley,3185,3,4
Joni,7750,5,4
Ardyth,2606,8,5
Justina,3929,0,0
Laurent,8901,6,5
Susann,6327,8,5
Tamara,7295,0,6
Jerome,2309,0,6
Lilli,4974,8,6
Kiri,8152,6,7
Nerita,3198,6,1
Georges,0741,5,6
Ruddy,0568,0,1
Clary,6962,9,9
Calvin,7577,1,0
Moina,4788,1,8
Isador,7273,3,0
Chrisy,3103,9,8
Benoit,1672,2,9
Bennie,0010,3,1
Phyllis,2677,8,4
Arin,1030,5,0
Jaquenetta,3466,3,8
Bryn,6535,9,6
Ranna,6251,6,5
Kati,7657,4,1
Joe,8381,0,1
Hedwiga,8485,7,5
Marielle,4468,5,6
Sharity,9869,1,7
Lowe,6042,3,4
Alejandro,1999,3,8
Hillyer,9260,3,1
Orton,7314,3,9
Darcy,0181,9,1
Emylee,1905,7,7
Leonelle,1595,4,8
Fara,4047,2,0
Vincenz,9054,3,9
Magnum,7709,2,4
Darryl,2002,0,1
Lorens,3386,6,5
Annalee,4755,1,8
Mehetabel,4060,0,8
Clementia,3338,1,9
Neile,7355,5,1
Alexio,8139,9,0
Ches,4557,8,0
Eve,9411,4,5
Krissy,9108,0,9
Garth,1076,6,9
Christine,0792,4,0
Garey,6581,3,5
Fields,1323,2,0
Hastie,2303,8,9
Bendite,1502,1,9
Mike,4245,6,3
Drusie,1058,3,2
Maud,6492,0,1
Courtney,5351,6,9
Nehemiah,0768,5,2
Anastasia,6833,8,5
Conny,7751,7,8
Bryn,4800,1,4
Alvera,7918,2,4
Zorah,2330,6,2
Annmaria,5353,2,3
Jilleen,1808,3,0
Devin,8807,0,6
Junie,5373,4,4
Peggy,0822,3,5
Almeda,4801,7,1
Phelia,5021,6,3
Hew,1448,0,2
Rollo,5361,0,5
Murdoch,0057,3,2
Lindie,0001,1,2
Briano,7616,3,4
Gilberte,0059,9,6
Billi,7956,8,3
Byrann,4146,0,0
Linzy,5647,2,8
Archer,1712,4,8
Conant,3617,9,5
Branden,1362,5,7
Hillel,7397,7,8
Taryn,6232,1,7
Della,3499,3,6
Marnia,5532,1,0
Mollee,5149,2,1
Hamilton,1120,5,9
Aleece,5027,6,8
Bellanca,3355,0,8
Zared,0665,8,2
Rik,8303,3,7
Franny,1151,7,1
